fips,iso2,country_name,total_reports,coverage_share,coverage_pct_rank,Ukraine,trends_score,trends_pct_rank,gap
BP,SB,Solomon Islands,73,1.3327034940108214e-06,0.03888888888888889,62,62,0.9722222222222222,-0.9333333333333333
LS,LI,Liechtenstein,68,1.2414224327772035e-06,0.03333333333333333,56,56,0.9611111111111111,-0.9277777777777778
ER,ER,Eritrea,179,3.267861992163521e-06,0.08888888888888889,68,68,0.9833333333333333,-0.8944444444444444
NH,VU,Vanuatu,54,9.858354613230733e-07,0.027777777777777776,41,41,0.9111111111111111,-0.8833333333333333
BT,BT,Bhutan,47,8.580419755960083e-07,0.022222222222222223,40,40,0.9,-0.8777777777777778
BY,BI,Burundi,408,7.4485345966632205e-06,0.14444444444444443,74,74,0.9944444444444445,-0.8500000000000001
CN,KM,Comoros,116,2.1177206206199353e-06,0.05555555555555555,40,40,0.9,-0.8444444444444444
CT,CF,Central African Republic,609,1.111803325825466e-05,0.17222222222222222,100,100,1.0,-0.8277777777777777
DJ,DJ,Djibouti,32,5.841987918951546e-07,0.016666666666666666,29,29,0.8222222222222222,-0.8055555555555555
PP,PG,Papua New Guinea,929,1.6960021177206205e-05,0.18888888888888888,61,61,0.9666666666666667,-0.7777777777777778
TN,TO,Tonga,27,4.929177306615367e-07,0.011111111111111112,26,26,0.7777777777777778,-0.7666666666666667
BN,BJ,Benin,215,3.92508563304557e-06,0.09444444444444444,34,34,0.8555555555555555,-0.7611111111111111
NG,NE,Niger,1043,1.9041229373332695e-05,0.2,42,42,0.9194444444444444,-0.7194444444444443
SL,SL,Sierra Leone,466,8.50739490697319e-06,0.15555555555555556,36,36,0.8694444444444445,-0.7138888888888889
LI,LR,Liberia,1884,3.439470387282723e-05,0.26666666666666666,65,65,0.9777777777777777,-0.711111111111111
CF,CG,Congo - Brazzaville,1885,3.441296008507395e-05,0.2722222222222222,47,47,0.9444444444444444,-0.6722222222222223
GA,GM,Gambia,169,3.085299869696285e-06,0.08333333333333333,25,25,0.7555555555555555,-0.6722222222222222
WZ,SZ,Eswatini,125,2.2820265308404475e-06,0.06666666666666667,24,24,0.7277777777777777,-0.6611111111111111
LT,LS,Lesotho,148,2.70191941251509e-06,0.07222222222222222,24,24,0.7277777777777777,-0.6555555555555556
UG,UG,Uganda,2138,3.9031781783495016e-05,0.2833333333333333,44,44,0.9305555555555556,-0.6472222222222223
WA,NA,Namibia,1620,2.95750638396922e-05,0.2388888888888889,38,38,0.8861111111111111,-0.6472222222222221
GV,GN,Guinea,2794,5.100785701734568e-05,0.3,46,46,0.9388888888888889,-0.6388888888888888
TO,TG,Togo,1136,2.0739057112277987e-05,0.21666666666666667,34,34,0.8555555555555555,-0.6388888888888888
MI,MW,Malawi,1730,3.158324718683179e-05,0.25,37,37,0.8777777777777778,-0.6277777777777778
RW,RW,Rwanda,583,1.0643371739839848e-05,0.16111111111111112,27,27,0.7861111111111111,-0.625
UV,BF,Burkina Faso,1664,3.0378337178548038e-05,0.24444444444444444,34,34,0.8555555555555555,-0.611111111111111
MA,MG,Madagascar,956,1.7452938907867742e-05,0.19444444444444445,28,28,0.8027777777777778,-0.6083333333333334
BC,BW,Botswana,264,4.819640033135025e-06,0.12222222222222222,22,22,0.7027777777777777,-0.5805555555555555
SE,SC,Seychelles,1539,2.809631064770759e-05,0.22777777777777777,27,27,0.7861111111111111,-0.5583333333333333
IV,CI,Côte d’Ivoire,3074,5.611959644642829e-05,0.32222222222222224,36,36,0.8694444444444445,-0.5472222222222223
ZA,ZM,Zambia,325,5.933268980185163e-06,0.12777777777777777,20,20,0.6694444444444444,-0.5416666666666666
ZI,ZW,Zimbabwe,9282,0.00016945416207408826,0.4111111111111111,50,50,0.95,-0.5388888888888889
CD,TD,Chad,603,1.1008495984774319e-05,0.16666666666666666,22,22,0.7027777777777777,-0.5361111111111111
GB,GA,Gabon,333,6.079318678158952e-06,0.13333333333333333,20,20,0.6694444444444444,-0.5361111111111111
DO,DM,Dominica,108,1.9716709226461467e-06,0.05,14,14,0.575,-0.5249999999999999
GJ,GD,Grenada,103,1.8803898614125288e-06,0.044444444444444446,13,13,0.5527777777777778,-0.5083333333333334
MV,MV,Maldives,251,4.582309273927619e-06,0.11666666666666667,17,17,0.625,-0.5083333333333333
AC,AG,Antigua & Barbuda,165,3.012275020709391e-06,0.07777777777777778,14,14,0.575,-0.4972222222222222
HA,HT,Haiti,1096,2.0008808622409045e-05,0.2111111111111111,21,21,0.6861111111111111,-0.475
CG,CD,Congo - Kinshasa,2141,3.9086550420235186e-05,0.28888888888888886,25,25,0.7555555555555555,-0.4666666666666667
ST,LC,St. Lucia,375,6.846079592521343e-06,0.1388888888888889,14,14,0.575,-0.43611111111111106
MT,MT,Malta,10265,0.00018740001871261756,0.4166666666666667,31,31,0.8388888888888889,-0.4222222222222222
TZ,TZ,Tanzania,1290,2.3550513798273418e-05,0.2222222222222222,16,16,0.6,-0.37777777777777777
BX,BN,Brunei,1,1.825621224672358e-08,0.005555555555555556,8,8,0.37222222222222223,-0.3666666666666667
CM,CM,Cameroon,7195,0.00013135344711517617,0.39444444444444443,25,25,0.7555555555555555,-0.3611111111111111
BH,BZ,Belize,448,8.178783086532165e-06,0.15,11,11,0.48055555555555557,-0.3305555555555556
LU,LU,Luxembourg,33065,0.0006036416579379152,0.5944444444444444,42,42,0.9194444444444444,-0.32499999999999996
ET,ET,Ethiopia,1813,3.309851280330985e-05,0.2611111111111111,13,13,0.5527777777777778,-0.2916666666666667
BF,BS,Bahamas,1066,1.9461122255007335e-05,0.20555555555555555,11,11,0.48055555555555557,-0.275
ML,ML,Mali,27902,0.0005093848341080813,0.5611111111111111,30,30,0.8333333333333334,-0.27222222222222225
FJ,FJ,Fiji,3109,5.675856387506361e-05,0.3277777777777778,16,16,0.6,-0.2722222222222222
BB,BB,Barbados,1731,3.1601503399078516e-05,0.25555555555555554,12,12,0.525,-0.2694444444444445
NZ,NZ,New Zealand,27032,0.0004935019294534318,0.5555555555555556,29,29,0.8222222222222222,-0.2666666666666666
CV,CV,Cape Verde,247,4.5092844249407245e-06,0.1111111111111111,8,8,0.37222222222222223,-0.2611111111111111
GH,GH,Ghana,25221,0.0004604399290746154,0.5444444444444444,28,28,0.8027777777777778,-0.2583333333333334
MP,MU,Mauritius,5750,0.00010497322041866059,0.37777777777777777,17,17,0.625,-0.24722222222222223
SO,SO,Somalia,2176,3.972551784887051e-05,0.29444444444444445,12,12,0.525,-0.23055555555555557
SG,SN,Senegal,10562,0.00019282211374989445,0.4222222222222222,18,18,0.6444444444444445,-0.22222222222222227
LA,LA,Laos,118,2.1542330451133825e-06,0.06111111111111111,4,4,0.25833333333333336,-0.19722222222222224
KE,KE,Kenya,15929,0.0002908032048780599,0.49444444444444446,21,21,0.6861111111111111,-0.19166666666666665
IC,IS,Iceland,20552,0.00037520167409466304,0.5277777777777778,23,23,0.7166666666666667,-0.18888888888888888
SN,SG,Singapore,20408,0.00037257277953113484,0.5222222222222223,22,22,0.7027777777777777,-0.18055555555555547
EI,IE,Ireland,114242,0.0020856261994901953,0.7277777777777777,40,40,0.9,-0.17222222222222228
MJ,ME,Montenegro,6254,0.00011417435139100928,0.38333333333333336,13,13,0.5527777777777778,-0.16944444444444445
TD,TT,Trinidad & Tobago,2862,5.224927945012289e-05,0.31666666666666665,11,11,0.48055555555555557,-0.16388888888888892
AU,AT,Austria,206230,0.003764978651641804,0.7944444444444444,52,52,0.9555555555555556,-0.1611111111111112
TP,ST,São Tomé & Príncipe,227,4.144160180006253e-06,0.1,4,4,0.25833333333333336,-0.15833333333333335
SZ,CH,Switzerland,202987,0.0037057737553256795,0.7888888888888889,44,44,0.9305555555555556,-0.14166666666666672
MR,MR,Mauritania,3443,6.285613876546929e-05,0.3388888888888889,11,11,0.48055555555555557,-0.14166666666666666
JM,JM,Jamaica,7976,0.00014561154887986728,0.4,12,12,0.525,-0.125
DA,DK,Denmark,81798,0.0014933216493574954,0.6833333333333333,28,28,0.8027777777777778,-0.11944444444444446
SM,SM,San Marino,765,1.3966002368743539e-05,0.18333333333333332,5,5,0.2861111111111111,-0.10277777777777777
AN,AD,Andorra,2846,5.195718005417531e-05,0.3111111111111111,9,9,0.41388888888888886,-0.10277777777777775
EN,EE,Estonia,61509,0.0011229213590837207,0.6611111111111111,25,25,0.7555555555555555,-0.09444444444444444
GG,GE,Georgia,23941,0.0004370719773988092,0.5388888888888889,17,17,0.625,-0.08611111111111114
GY,GY,Guyana,4178,7.627445476681112e-05,0.3611111111111111,10,10,0.4444444444444444,-0.08333333333333331
MZ,MZ,Mozambique,675,1.2322943266538417e-05,0.17777777777777778,4,4,0.25833333333333336,-0.08055555555555557
NI,NG,Nigeria,78284,0.0014291693195225088,0.6777777777777778,25,25,0.7555555555555555,-0.07777777777777772
CB,KH,Cambodia,3804,6.94466313865365e-05,0.35,9,9,0.41388888888888886,-0.06388888888888888
BM,MM,Myanmar (Burma),2819,5.1464262323513776e-05,0.3055555555555556,7,7,0.33611111111111114,-0.030555555555555558
BE,BE,Belgium,119746,0.002186108391696162,0.7388888888888889,25,25,0.7555555555555555,-0.016666666666666607
SF,ZA,South Africa,56701,0.0010351454906014736,0.6444444444444445,19,19,0.6527777777777778,-0.008333333333333304
GM,DE,Germany,2047305,0.03737603461377842,0.9833333333333333,72,72,0.9888888888888889,-0.005555555555555647
QA,QA,Qatar,15269,0.00027875410479522234,0.48333333333333334,11,11,0.48055555555555557,0.002777777777777768
NS,SR,Suriname,4324,7.893986175483276e-05,0.36666666666666664,7,7,0.33611111111111114,0.030555555555555503
CE,LK,Sri Lanka,11089,0.00020244313760391778,0.4444444444444444,9,9,0.41388888888888886,0.030555555555555558
FR,FR,France,646589,0.011804266020396753,0.9166666666666666,38,38,0.8861111111111111,0.030555555555555558
CA,CA,Canada,381981,0.00697352621021572,0.8944444444444445,33,33,0.8444444444444444,0.050000000000000044
SI,SI,Slovenia,81846,0.0014941979475453383,0.6888888888888889,17,17,0.625,0.06388888888888888
CY,CY,Cyprus,112084,0.002046229293461766,0.7222222222222222,19,19,0.6527777777777778,0.06944444444444442
LG,LV,Latvia,147337,0.002689815543795512,0.7722222222222223,22,22,0.7027777777777777,0.06944444444444453
MU,OM,Oman,5404,9.865657098129423e-05,0.37222222222222223,5,5,0.2861111111111111,0.08611111111111114
MN,MC,Monaco,231,4.217185028993147e-06,0.10555555555555556,0,0,0.008333333333333333,0.09722222222222222
NP,NP,Nepal,19368,0.00035358631879454233,0.5166666666666667,9,9,0.41388888888888886,0.10277777777777786
DR,DO,Dominican Republic,1964,3.585520085256511e-05,0.2777777777777778,2,2,0.16944444444444445,0.10833333333333334
AL,AL,Albania,152174,0.002778120842432914,0.7833333333333333,20,20,0.6694444444444444,0.11388888888888893
AS,AU,Australia,276380,0.0050456519407494635,0.85,24,24,0.7277777777777777,0.12222222222222223
BA,BH,Bahrain,14394,0.0002627799190793392,0.4666666666666667,7,7,0.33611111111111114,0.13055555555555554
TX,TM,Turkmenistan,4005,7.311613004812794e-05,0.35555555555555557,3,3,0.225,0.13055555555555556
BK,BA,Bosnia & Herzegovina,87310,0.0015939498912614359,0.7055555555555556,14,14,0.575,0.13055555555555565
MK,MK,North Macedonia,212437,0.0038782949610572173,0.8055555555555556,20,20,0.6694444444444444,0.13611111111111118
MG,MN,Mongolia,17988,0.00032839274589406374,0.5111111111111111,8,8,0.37222222222222223,0.13888888888888884
UK,GB,United Kingdom,1449935,0.026470321103953153,0.9666666666666667,29,29,0.8222222222222222,0.1444444444444445
LH,LT,Lithuania,574716,0.01049213727758799,0.9055555555555556,25,25,0.7555555555555555,0.15000000000000002
TS,TN,Tunisia,13605,0.00024837576761667433,0.46111111111111114,6,6,0.30833333333333335,0.1527777777777778
AE,AE,United Arab Emirates,53891,0.0009838455341881806,0.6388888888888888,11,11,0.48055555555555557,0.15833333333333327
LE,LB,Lebanon,44487,0.000812164114219992,0.6277777777777778,10,10,0.4444444444444444,0.18333333333333335
NL,NL,Netherlands,95562,0.0017446001547213987,0.7166666666666667,12,12,0.525,0.19166666666666665
NO,NO,Norway,127445,0.0023266629697836867,0.7444444444444445,13,13,0.5527777777777778,0.19166666666666665
UP,UA,Ukraine,8335517,0.1521749675381726,0.9944444444444445,28,28,0.8027777777777778,0.19166666666666665
AG,DZ,Algeria,14958,0.00027307642278649134,0.4777777777777778,5,5,0.2861111111111111,0.1916666666666667
JO,JO,Jordan,10591,0.00019335154390504944,0.42777777777777776,3,3,0.225,0.20277777777777775
CS,CR,Costa Rica,10928,0.0001995038874321953,0.43333333333333335,3,3,0.225,0.20833333333333334
SU,SD,Sudan,6826,0.00012461690479613515,0.3888888888888889,2,2,0.16944444444444445,0.21944444444444444
SW,SE,Sweden,218530,0.003989530062276504,0.8111111111111111,15,15,0.5888888888888889,0.2222222222222222
KN,KP,North Korea,1561,2.8497947317135507e-05,0.23333333333333334,0,0,0.008333333333333333,0.225
UZ,UZ,Uzbekistan,13434,0.0002452539553224846,0.45555555555555555,3,3,0.225,0.23055555555555554
HR,HR,Croatia,254595,0.00464794035695459,0.8333333333333334,16,16,0.6,0.2333333333333334
LO,SK,Slovakia,151902,0.0027731551527018054,0.7777777777777778,12,12,0.525,0.25277777777777777
FI,FI,Finland,340979,0.00622498499567556,0.8777777777777778,17,17,0.625,0.25277777777777777
AF,AF,Afghanistan,29114,0.0005315113633511103,0.5666666666666667,6,6,0.30833333333333335,0.2583333333333333
ES,SV,El Salvador,3338,6.093923647956331e-05,0.3333333333333333,1,1,0.07222222222222222,0.26111111111111107
MO,MA,Morocco,36480,0.0006659866227604762,0.6,7,7,0.33611111111111114,0.26388888888888884
TI,TJ,Tajikistan,10999,0.00020080007850171267,0.4388888888888889,2,2,0.16944444444444445,0.26944444444444443
NU,NI,Nicaragua,3707,6.76757787986043e-05,0.34444444444444444,1,1,0.07222222222222222,0.27222222222222225
PM,PA,Panama,12648,0.00023090457249655985,0.45,2,2,0.16944444444444445,0.28055555555555556
RP,PH,Philippines,85095,0.001553512381134943,0.6944444444444444,9,9,0.41388888888888886,0.28055555555555556
KU,KW,Kuwait,31934,0.0005829938818868708,0.5777777777777777,5,5,0.2861111111111111,0.29166666666666663
MY,MY,Malaysia,57157,0.0010434703233859798,0.6555555555555556,7,7,0.33611111111111114,0.3194444444444444
AO,AO,Angola,32594,0.0005950429819697084,0.5833333333333334,4,4,0.25833333333333336,0.325
GT,GT,Guatemala,8750,0.00015974185715883133,0.40555555555555556,1,1,0.07222222222222222,0.33333333333333337
IZ,IQ,Iraq,30390,0.0005548062901779296,0.5722222222222222,3,3,0.225,0.3472222222222222
US,US,United States,5952009,0.10866113959840897,0.9888888888888889,17,17,0.625,0.36388888888888893
MD,MD,Moldova,453156,0.008272912116876271,0.9,12,12,0.525,0.375
LY,LY,Libya,26222,0.00047871439753358573,0.55,2,2,0.16944444444444445,0.3805555555555556
EZ,CZ,Czechia,287874,0.005255488844313304,0.8611111111111112,11,11,0.48055555555555557,0.3805555555555556
PO,PT,Portugal,211661,0.00386412814035376,0.8,9,9,0.41388888888888886,0.3861111111111112
YM,YE,Yemen,14695,0.000268275038965603,0.4722222222222222,1,1,0.07222222222222222,0.4
HO,HN,Honduras,15307,0.00027944784086059784,0.4888888888888889,1,1,0.07222222222222222,0.41666666666666663
BG,BD,Bangladesh,115553,0.00210956009374565,0.7333333333333333,6,6,0.30833333333333335,0.42499999999999993
UY,UY,Uruguay,16855,0.0003077084574185259,0.5,1,1,0.07222222222222222,0.4277777777777778
VM,VN,Vietnam,612738,0.011186274979632913,0.9111111111111111,11,11,0.48055555555555557,0.4305555555555555
PA,PY,Paraguay,17433,0.0003182605480971322,0.5055555555555555,1,1,0.07222222222222222,0.43333333333333335
CU,CU,Cuba,42295,0.0007721464969751738,0.6111111111111112,2,2,0.16944444444444445,0.4416666666666667
BU,BG,Bulgaria,680934,0.012431275630010475,0.9277777777777778,11,11,0.48055555555555557,0.44722222222222224
KG,KG,Kyrgyzstan,44374,0.0008101011622361122,0.6222222222222222,2,2,0.16944444444444445,0.4527777777777778
PK,PK,Pakistan,136936,0.00249993268021734,0.7666666666666667,6,6,0.30833333333333335,0.45833333333333337
EC,EC,Ecuador,20959,0.0003826319524790795,0.5333333333333333,1,1,0.07222222222222222,0.46111111111111114
AM,AM,Armenia,374817,0.006842738705680192,0.8888888888888888,9,9,0.41388888888888886,0.475
RO,RO,Romania,996158,0.018186071879271667,0.9555555555555556,11,11,0.48055555555555557,0.47500000000000003
HU,HU,Hungary,311620,0.005689000860324002,0.8666666666666667,8,8,0.37222222222222223,0.49444444444444446
SA,SA,Saudi Arabia,70550,0.0012879757740063486,0.6666666666666666,2,2,0.16944444444444445,0.4972222222222222
BL,BO,Bolivia,32621,0.0005955358997003699,0.5888888888888889,1,1,0.07222222222222222,0.5166666666666667
AJ,AZ,Azerbaijan,287634,0.00525110735337409,0.8555555555555555,7,7,0.33611111111111114,0.5194444444444444
IN,IN,India,853924,0.015589417786571186,0.9333333333333333,9,9,0.41388888888888886,0.5194444444444445
TH,TH,Thailand,85167,0.0015548268284167072,0.7,2,2,0.16944444444444445,0.5305555555555554
SY,SY,Syria,38530,0.0007034118578662595,0.6055555555555555,1,1,0.07222222222222222,0.5333333333333333
CH,CN,China,1698736,0.031012484967150228,0.9777777777777777,10,10,0.4444444444444444,0.5333333333333333
KZ,KZ,Kazakhstan,89275,0.0016298233483262477,0.7111111111111111,2,2,0.16944444444444445,0.5416666666666667
CI,CL,Chile,42877,0.000782771612502767,0.6166666666666667,1,1,0.07222222222222222,0.5444444444444445
PE,PE,Peru,51680,0.0009434810489106746,0.6333333333333333,1,1,0.07222222222222222,0.5611111111111111
PL,PL,Poland,907811,0.01657319029591038,0.9444444444444444,8,8,0.37222222222222223,0.5722222222222222
IS,IL,Israel,933322,0.017038924526536544,0.95,8,8,0.37222222222222223,0.5777777777777777
IR,IR,Iran,56817,0.0010372632112220937,0.65,1,1,0.07222222222222222,0.5777777777777778
GR,GR,Greece,1049295,0.019156152229425818,0.9611111111111111,8,8,0.37222222222222223,0.5888888888888889
CO,CO,Colombia,74875,0.0013669338919734281,0.6722222222222223,1,1,0.07222222222222222,0.6000000000000001
KS,KR,South Korea,259358,0.004734894695885734,0.8388888888888889,3,3,0.225,0.6138888888888889
TW,TW,Taiwan,221477,0.0040433311197675985,0.8166666666666667,2,2,0.16944444444444445,0.6472222222222221
VE,VE,Venezuela,130387,0.0023803727462135475,0.75,1,1,0.07222222222222222,0.6777777777777778
SP,ES,Spain,854080,0.015592265755681676,0.9388888888888889,4,4,0.25833333333333336,0.6805555555555556
BO,BY,Belarus,131199,0.002395196790557887,0.7555555555555555,1,1,0.07222222222222222,0.6833333333333333
JA,JP,Japan,136832,0.002498034034143681,0.7611111111111111,1,1,0.07222222222222222,0.6888888888888889
EG,EG,Egypt,331479,0.006051550979331685,0.8722222222222222,2,2,0.16944444444444445,0.7027777777777777
IT,IT,Italy,1518050,0.02771384300113873,0.9722222222222222,4,4,0.25833333333333336,0.7138888888888888
ID,ID,Indonesia,222459,0.004061258720193881,0.8222222222222222,1,1,0.07222222222222222,0.75
TU,TR,Türkiye,656814,0.011990935790619502,0.9222222222222223,2,2,0.16944444444444445,0.7527777777777778
AR,AR,Argentina,224436,0.0040973512518056535,0.8277777777777777,1,1,0.07222222222222222,0.7555555555555555
MX,MX,Mexico,265739,0.004851387586232077,0.8444444444444444,1,1,0.07222222222222222,0.7722222222222223
BR,BR,Brazil,365080,0.006664977967033844,0.8833333333333333,1,1,0.07222222222222222,0.8111111111111111
RS,RU,Russia,15314704,0.2795884867197466,1.0,2,2,0.16944444444444445,0.8305555555555555
