year_month,theme,theme_count,rank
2022-02,SECURITY_SERVICES,2644230,1
2022-02,KILL,1910174,2
2022-02,ARMEDCONFLICT,1893991,3
2022-02,BORDER,1508479,4
2022-02,SANCTIONS,866214,5
2022-02,MILITARY,862314,6
2022-02,ELECTION,802849,7
2022-02,ARREST,772082,8
2022-02,ENV_OIL,721386,9
2022-02,MARITIME,669870,10
2022-02,AGRICULTURE,636929,11
2022-02,PROTEST,532586,12
2022-02,WOUND,466002,13
2022-02,PUBLIC_TRANSPORT,430764,14
2022-02,TOURISM,294239,15
2022-02,TAX_MILITARY_TITLE_OFFICER,266119,16
2022-02,UNREST_BELLIGERENT,260174,17
2022-02,TERROR,214890,18
2022-02,TAX_POLITICAL_PARTY_REPUBLICAN,210744,19
2022-02,BAN,207872,20
2022-03,ARMEDCONFLICT,4397854,1
2022-03,SECURITY_SERVICES,2520914,2
2022-03,KILL,2180705,3
2022-03,ENV_OIL,1662950,4
2022-03,BORDER,1419562,5
2022-03,MILITARY,1198733,6
2022-03,SANCTIONS,1143970,7
2022-03,REFUGEES,855755,8
2022-03,ELECTION,842945,9
2022-03,ARREST,830176,10
2022-03,AGRICULTURE,814449,11
2022-03,MARITIME,741652,12
2022-03,PUBLIC_TRANSPORT,597294,13
2022-03,WOUND,581500,14
2022-03,PROTEST,397755,15
2022-03,TOURISM,314220,16
2022-03,BAN,298517,17
2022-03,NEGOTIATIONS,278563,18
2022-03,TAX_MILITARY_TITLE_OFFICER,261326,19
2022-03,TERROR,256708,20
2022-04,ARMEDCONFLICT,3285045,1
2022-04,SECURITY_SERVICES,2674853,2
2022-04,KILL,1959479,3
2022-04,MILITARY,1092566,4
2022-04,ELECTION,1080325,5
2022-04,BORDER,1040187,6
2022-04,ENV_OIL,995233,7
2022-04,ARREST,842069,8
2022-04,AGRICULTURE,739125,9
2022-04,MARITIME,728572,10
2022-04,SANCTIONS,645459,11
2022-04,PUBLIC_TRANSPORT,611323,12
2022-04,WOUND,591142,13
2022-04,TERROR,369009,14
2022-04,PROTEST,344699,15
2022-04,TOURISM,332063,16
2022-04,REFUGEES,281407,17
2022-04,BAN,265023,18
2022-04,TAX_MILITARY_TITLE_OFFICER,248834,19
2022-04,GEN_HOLIDAY,239248,20
2022-05,ARMEDCONFLICT,2903000,1
2022-05,SECURITY_SERVICES,2777271,2
2022-05,KILL,1996202,3
2022-05,ELECTION,1173022,4
2022-05,ENV_OIL,1054871,5
2022-05,MILITARY,982369,6
2022-05,BORDER,971929,7
2022-05,ARREST,834217,8
2022-05,AGRICULTURE,753808,9
2022-05,MARITIME,742776,10
2022-05,WOUND,643107,11
2022-05,TERROR,513999,12
2022-05,PUBLIC_TRANSPORT,388901,13
2022-05,TOURISM,384215,14
2022-05,PROTEST,377878,15
2022-05,TAX_MILITARY_TITLE_OFFICER,313595,16
2022-05,BAN,311778,17
2022-05,TAX_POLITICAL_PARTY_REPUBLICAN,298807,18
2022-05,SANCTIONS,268926,19
2022-05,ALLIANCE,252094,20
2022-06,SECURITY_SERVICES,2767171,1
2022-06,ARMEDCONFLICT,2285264,2
2022-06,KILL,1779851,3
2022-06,ELECTION,1188820,4
2022-06,ENV_OIL,930082,5
2022-06,BORDER,899139,6
2022-06,AGRICULTURE,836101,7
2022-06,ARREST,825931,8
2022-06,MILITARY,811814,9
2022-06,MARITIME,785982,10
2022-06,WOUND,576230,11
2022-06,PROTEST,424839,12
2022-06,PUBLIC_TRANSPORT,421791,13
2022-06,TERROR,411104,14
2022-06,TOURISM,406492,15
2022-06,CORRUPTION,373148,16
2022-06,TAX_WEAPONS_GUN,359070,17
2022-06,TAX_POLITICAL_PARTY_REPUBLICAN,330076,18
2022-06,BAN,313969,19
2022-06,TAX_MILITARY_TITLE_OFFICER,279216,20
2022-07,SECURITY_SERVICES,2803077,1
2022-07,ARMEDCONFLICT,1988931,2
2022-07,KILL,1790560,3
2022-07,BORDER,1010277,4
2022-07,ELECTION,959605,5
2022-07,ARREST,812698,6
2022-07,AGRICULTURE,797620,7
2022-07,MARITIME,768114,8
2022-07,ENV_OIL,763830,9
2022-07,MILITARY,752744,10
2022-07,WOUND,581134,11
2022-07,PROTEST,459044,12
2022-07,TOURISM,427143,13
2022-07,PUBLIC_TRANSPORT,357872,14
2022-07,TERROR,352857,15
2022-07,TAX_MILITARY_TITLE_OFFICER,240309,16
2022-07,TAX_MILITARY_TITLE_OFFICERS,222781,17
2022-07,TAX_POLITICAL_PARTY_REPUBLICAN,222168,18
2022-07,TRAFFIC,220337,19
2022-07,CORRUPTION,217454,20
2022-08,SECURITY_SERVICES,2761106,1
2022-08,ARMEDCONFLICT,1932588,2
2022-08,KILL,1769823,3
2022-08,ELECTION,982779,4
2022-08,BORDER,944592,5
2022-08,MILITARY,858248,6
2022-08,ARREST,825804,7
2022-08,MARITIME,774589,8
2022-08,AGRICULTURE,771758,9
2022-08,ENV_OIL,738820,10
2022-08,WOUND,575762,11
2022-08,PUBLIC_TRANSPORT,501914,12
2022-08,TERROR,436190,13
2022-08,TOURISM,410834,14
2022-08,PROTEST,327232,15
2022-08,TAX_POLITICAL_PARTY_REPUBLICAN,290150,16
2022-08,TAX_MILITARY_TITLE_OFFICER,257738,17
2022-08,BAN,234005,18
2022-08,CORRUPTION,185510,19
2022-08,TAX_POLITICAL_PARTY_DEMOCRATS,182323,20
2022-09,SECURITY_SERVICES,2515575,1
2022-09,ARMEDCONFLICT,1849612,2
2022-09,KILL,1630421,3
2022-09,ELECTION,1083646,4
2022-09,ARREST,798372,5
2022-09,MILITARY,793755,6
2022-09,AGRICULTURE,726072,7
2022-09,MARITIME,688098,8
2022-09,ENV_OIL,684697,9
2022-09,BORDER,644646,10
2022-09,PUBLIC_TRANSPORT,444919,11
2022-09,PROTEST,384051,12
2022-09,TOURISM,370708,13
2022-09,CORRUPTION,312908,14
2022-09,WOUND,310544,15
2022-09,NATURAL_DISASTER_HURRICANE,298940,16
2022-09,TAX_MILITARY_TITLE_OFFICER,242291,17
2022-09,TAX_POLITICAL_PARTY_REPUBLICAN,216565,18
2022-09,TERROR,210744,19
2022-09,TRAFFIC,176459,20
2022-10,SECURITY_SERVICES,2553195,1
2022-10,ARMEDCONFLICT,1860925,2
2022-10,KILL,1622840,3
2022-10,ELECTION,1414397,4
2022-10,MARITIME,868687,5
2022-10,ARREST,819639,6
2022-10,ENV_OIL,773653,7
2022-10,MILITARY,738391,8
2022-10,AGRICULTURE,666469,9
2022-10,WOUND,483433,10
2022-10,MARITIME_INCIDENT,448747,11
2022-10,PROTEST,431616,12
2022-10,PUBLIC_TRANSPORT,329508,13
2022-10,TOURISM,303687,14
2022-10,BORDER,294243,15
2022-10,TAX_POLITICAL_PARTY_REPUBLICAN,260997,16
2022-10,TAX_MILITARY_TITLE_OFFICER,251973,17
2022-10,TERROR,251148,18
2022-10,DEMOCRACY,200410,19
2022-10,TRAFFIC,192856,20
2022-11,SECURITY_SERVICES,2312368,1
2022-11,ARMEDCONFLICT,1641923,2
2022-11,ELECTION,1532952,3
2022-11,KILL,1448365,4
2022-11,ARREST,729425,5
2022-11,MILITARY,655968,6
2022-11,AGRICULTURE,654293,7
2022-11,MARITIME,617811,8
2022-11,ENV_OIL,606437,9
2022-11,PROTEST,439559,10
2022-11,WOUND,437623,11
2022-11,TAX_POLITICAL_PARTY_REPUBLICAN,433374,12
2022-11,PUBLIC_TRANSPORT,313463,13
2022-11,GEN_HOLIDAY,312075,14
2022-11,BORDER,274124,15
2022-11,TAX_POLITICAL_PARTY_DEMOCRATS,268150,16
2022-11,TAX_POLITICAL_PARTY_REPUBLICANS,267513,17
2022-11,TOURISM,263341,18
2022-11,TAX_MILITARY_TITLE_OFFICER,256092,19
2022-11,TERROR,252286,20
2022-12,SECURITY_SERVICES,2462553,1
2022-12,ARMEDCONFLICT,1649832,2
2022-12,KILL,1534316,3
2022-12,ELECTION,849762,4
2022-12,ARREST,833744,5
2022-12,ENV_OIL,756137,6
2022-12,MILITARY,686821,7
2022-12,AGRICULTURE,599570,8
2022-12,GEN_HOLIDAY,588718,9
2022-12,MARITIME,573566,10
2022-12,WOUND,438130,11
2022-12,CORRUPTION,430729,12
2022-12,BORDER,409386,13
2022-12,PUBLIC_TRANSPORT,398750,14
2022-12,PROTEST,379510,15
2022-12,TOURISM,331009,16
2022-12,TAX_MILITARY_TITLE_OFFICER,230759,17
2022-12,STRIKE,228314,18
2022-12,CONSTITUTIONAL,226177,19
2022-12,BAN,223979,20
2023-01,SECURITY_SERVICES,3065778,1
2023-01,KILL,2266652,2
2023-01,ARMEDCONFLICT,2109861,3
2023-01,ARREST,1123320,4
2023-01,ELECTION,880780,5
2023-01,MILITARY,835377,6
2023-01,ENV_OIL,823929,7
2023-01,MARITIME,653097,8
2023-01,WOUND,639342,9
2023-01,PUBLIC_TRANSPORT,620560,10
2023-01,AGRICULTURE,595622,11
2023-01,GEN_HOLIDAY,525648,12
2023-01,BORDER,456151,13
2023-01,TOURISM,444406,14
2023-01,SANCTIONS,439621,15
2023-01,PROTEST,438320,16
2023-01,CORRUPTION,362280,17
2023-01,TERROR,341470,18
2023-01,TAX_MILITARY_TITLE_OFFICER,271785,19
2023-01,TRAFFIC,263617,20
2023-02,SECURITY_SERVICES,2695314,1
2023-02,ARMEDCONFLICT,2475751,2
2023-02,KILL,2345931,3
2023-02,NATURAL_DISASTER_EARTHQUAKE,1298928,4
2023-02,ARREST,1031139,5
2023-02,ENV_OIL,849725,6
2023-02,MILITARY,849422,7
2023-02,ELECTION,818371,8
2023-02,PUBLIC_TRANSPORT,756154,9
2023-02,MARITIME,703577,10
2023-02,AGRICULTURE,666328,11
2023-02,WOUND,634383,12
2023-02,SANCTIONS,560314,13
2023-02,BORDER,480198,14
2023-02,NATURAL_DISASTER_EARTHQUAKES,420406,15
2023-02,TOURISM,357839,16
2023-02,PROTEST,320406,17
2023-02,GEN_HOLIDAY,313589,18
2023-02,MARITIME_INCIDENT,303886,19
2023-02,TERROR,302176,20
2023-03,SECURITY_SERVICES,3361512,1
2023-03,ARMEDCONFLICT,2695641,2
2023-03,KILL,2600672,3
2023-03,ARREST,1345768,4
2023-03,ELECTION,1258176,5
2023-03,MILITARY,969781,6
2023-03,ENV_OIL,933181,7
2023-03,PUBLIC_TRANSPORT,902935,8
2023-03,MARITIME,863309,9
2023-03,AGRICULTURE,789557,10
2023-03,WOUND,692613,11
2023-03,SANCTIONS,591127,12
2023-03,PROTEST,581046,13
2023-03,NATURAL_DISASTER_EARTHQUAKES,537578,14
2023-03,NATURAL_DISASTER_EARTHQUAKE,504874,15
2023-03,BORDER,412224,16
2023-03,TERROR,358759,17
2023-03,TOURISM,337326,18
2023-03,DEMOCRACY,327634,19
2023-03,MARITIME_INCIDENT,313217,20
2023-04,SECURITY_SERVICES,4327611,1
2023-04,ARMEDCONFLICT,3016157,2
2023-04,KILL,2919706,3
2023-04,ELECTION,1615560,4
2023-04,ARREST,1600440,5
2023-04,MILITARY,1320925,6
2023-04,MARITIME,1015092,7
2023-04,AGRICULTURE,983819,8
2023-04,WOUND,922295,9
2023-04,PUBLIC_TRANSPORT,894083,10
2023-04,ENV_OIL,857392,11
2023-04,PROTEST,609927,12
2023-04,TOURISM,528061,13
2023-04,GEN_HOLIDAY,478153,14
2023-04,TAX_MILITARY_TITLE_OFFICER,429983,15
2023-04,SANCTIONS,429337,16
2023-04,URBAN,411792,17
2023-04,TERROR,403972,18
2023-04,TRAFFIC,387683,19
2023-04,NATURAL_DISASTER_EARTHQUAKE,378451,20
2023-05,SECURITY_SERVICES,4565947,1
2023-05,ARMEDCONFLICT,2812706,2
2023-05,KILL,2594151,3
2023-05,ELECTION,2194497,4
2023-05,ARREST,1426953,5
2023-05,AGRICULTURE,1227947,6
2023-05,MILITARY,1168222,7
2023-05,MARITIME,1072076,8
2023-05,WOUND,844639,9
2023-05,PUBLIC_TRANSPORT,833274,10
2023-05,TOURISM,719028,11
2023-05,ENV_OIL,712137,12
2023-05,PROTEST,658301,13
2023-05,BORDER,639904,14
2023-05,TAX_MILITARY_TITLE_OFFICER,485412,15
2023-05,TERROR,465706,16
2023-05,ALLIANCE,446994,17
2023-05,TAX_POLITICAL_PARTY_REPUBLICAN,418972,18
2023-05,DEMOCRACY,369358,19
2023-05,TAX_MILITARY_TITLE_OFFICERS,359100,20
2023-06,SECURITY_SERVICES,4081375,1
2023-06,ARMEDCONFLICT,2565841,2
2023-06,KILL,2372536,3
2023-06,ELECTION,1545146,4
2023-06,MARITIME,1321834,5
2023-06,ARREST,1289369,6
2023-06,MILITARY,1193152,7
2023-06,AGRICULTURE,1185221,8
2023-06,PUBLIC_TRANSPORT,853226,9
2023-06,WOUND,800800,10
2023-06,MARITIME_INCIDENT,657772,11
2023-06,TOURISM,646788,12
2023-06,ENV_OIL,606449,13
2023-06,PROTEST,595359,14
2023-06,URBAN,450529,15
2023-06,CORRUPTION,441181,16
2023-06,TAX_MILITARY_TITLE_OFFICER,421183,17
2023-06,GEN_HOLIDAY,349808,18
2023-06,ALLIANCE,334389,19
2023-06,TRAFFIC,333719,20
2023-07,SECURITY_SERVICES,4269834,1
2023-07,ARMEDCONFLICT,2524031,2
2023-07,KILL,2360459,3
2023-07,ELECTION,1318907,4
2023-07,MARITIME,1258198,5
2023-07,ARREST,1226493,6
2023-07,AGRICULTURE,1102343,7
2023-07,MILITARY,1093123,8
2023-07,WOUND,813204,9
2023-07,PUBLIC_TRANSPORT,758221,10
2023-07,TOURISM,757371,11
2023-07,PROTEST,632562,12
2023-07,ENV_OIL,559564,13
2023-07,ALLIANCE,552083,14
2023-07,MARITIME_INCIDENT,528135,15
2023-07,TAX_MILITARY_TITLE_OFFICER,460399,16
2023-07,URBAN,437913,17
2023-07,TRAFFIC,413288,18
2023-07,GEN_HOLIDAY,349125,19
2023-07,TERROR,322295,20
2023-08,SECURITY_SERVICES,4183448,1
2023-08,KILL,2407723,2
2023-08,ARMEDCONFLICT,2355299,3
2023-08,ELECTION,1703066,4
2023-08,ARREST,1340349,5
2023-08,MARITIME,1258549,6
2023-08,MILITARY,1193583,7
2023-08,AGRICULTURE,1109678,8
2023-08,PUBLIC_TRANSPORT,830947,9
2023-08,WOUND,788067,10
2023-08,TOURISM,727129,11
2023-08,ENV_OIL,673940,12
2023-08,CORRUPTION,529262,13
2023-08,PROTEST,448075,14
2023-08,TAX_MILITARY_TITLE_OFFICER,435356,15
2023-08,TRAFFIC,410520,16
2023-08,DISASTER_FIRE,365087,17
2023-08,MARITIME_INCIDENT,357444,18
2023-08,BORDER,338917,19
2023-08,TAX_MILITARY_TITLE_OFFICERS,326330,20
2023-09,SECURITY_SERVICES,3896489,1
2023-09,ARMEDCONFLICT,2337644,2
2023-09,KILL,2281582,3
2023-09,ELECTION,1522527,4
2023-09,ARREST,1230151,5
2023-09,AGRICULTURE,1160355,6
2023-09,MARITIME,1039924,7
2023-09,MILITARY,988300,8
2023-09,PUBLIC_TRANSPORT,794583,9
2023-09,WOUND,739636,10
2023-09,ENV_OIL,718819,11
2023-09,TOURISM,651037,12
2023-09,PROTEST,537065,13
2023-09,BORDER,472454,14
2023-09,CORRUPTION,469800,15
2023-09,TAX_MILITARY_TITLE_OFFICER,443837,16
2023-09,TRAFFIC,379496,17
2023-09,TAX_MILITARY_TITLE_OFFICERS,319478,18
2023-09,TERROR,312489,19
2023-09,TAX_POLITICAL_PARTY_REPUBLICAN,299944,20
2023-10,SECURITY_SERVICES,3950539,1
2023-10,ARMEDCONFLICT,3687244,2
2023-10,KILL,3029949,3
2023-10,TAX_TERROR_GROUP_HAMAS,2917451,4
2023-10,TAX_POLITICAL_PARTY_HAMAS,2916245,5
2023-10,ELECTION,1780638,6
2023-10,MILITARY,1592505,7
2023-10,TERROR,1418926,8
2023-10,ARREST,1269945,9
2023-10,WOUND,1120124,10
2023-10,AGRICULTURE,1062820,11
2023-10,MARITIME,982725,12
2023-10,BORDER,949363,13
2023-10,ENV_OIL,695888,14
2023-10,PUBLIC_TRANSPORT,643471,15
2023-10,TOURISM,623486,16
2023-10,KIDNAP,599570,17
2023-10,PROTEST,541585,18
2023-10,CORRUPTION,464642,19
2023-10,TAX_POLITICAL_PARTY_REPUBLICAN,373258,20
2023-11,SECURITY_SERVICES,3735597,1
2023-11,ARMEDCONFLICT,3260375,2
2023-11,KILL,2621091,3
2023-11,TAX_POLITICAL_PARTY_HAMAS,2026902,4
2023-11,TAX_TERROR_GROUP_HAMAS,2025331,5
2023-11,ELECTION,1605748,6
2023-11,MILITARY,1397031,7
2023-11,ARREST,1394191,8
2023-11,AGRICULTURE,1049230,9
2023-11,KIDNAP,1005164,10
2023-11,TERROR,987839,11
2023-11,MARITIME,931566,12
2023-11,WOUND,887647,13
2023-11,BORDER,705672,14
2023-11,PUBLIC_TRANSPORT,592929,15
2023-11,PROTEST,591647,16
2023-11,TOURISM,525163,17
2023-11,CEASEFIRE,457001,18
2023-11,GEN_HOLIDAY,451434,19
2023-11,ENV_OIL,429443,20
2023-12,SECURITY_SERVICES,3717206,1
2023-12,ARMEDCONFLICT,2836692,2
2023-12,KILL,2453721,3
2023-12,ELECTION,1855036,4
2023-12,MILITARY,1340271,5
2023-12,ARREST,1269233,6
2023-12,TAX_POLITICAL_PARTY_HAMAS,1042957,7
2023-12,TAX_TERROR_GROUP_HAMAS,1042017,8
2023-12,AGRICULTURE,992420,9
2023-12,GEN_HOLIDAY,940324,10
2023-12,MARITIME,937574,11
2023-12,TERROR,832527,12
2023-12,WOUND,822033,13
2023-12,ENV_OIL,685654,14
2023-12,PUBLIC_TRANSPORT,639083,15
2023-12,BORDER,603380,16
2023-12,TOURISM,533858,17
2023-12,CONSTITUTIONAL,419624,18
2023-12,PROTEST,415849,19
2023-12,TRAFFIC,381253,20
2024-01,SECURITY_SERVICES,3797897,1
2024-01,ARMEDCONFLICT,3009839,2
2024-01,KILL,2498146,3
2024-01,ELECTION,1985407,4
2024-01,ARREST,1286868,5
2024-01,AGRICULTURE,1252011,6
2024-01,MILITARY,1197492,7
2024-01,MARITIME,1063797,8
2024-01,TERROR,1028262,9
2024-01,WOUND,839405,10
2024-01,TAX_TERROR_GROUP_HAMAS,689634,11
2024-01,PUBLIC_TRANSPORT,681404,12
2024-01,TAX_POLITICAL_PARTY_HAMAS,672297,13
2024-01,BORDER,650428,14
2024-01,TOURISM,606658,15
2024-01,PROTEST,540199,16
2024-01,ENV_OIL,536102,17
2024-01,CORRUPTION,497650,18
2024-01,TRAFFIC,389274,19
2024-01,TAX_POLITICAL_PARTY_REPUBLICAN,350202,20
2024-02,SECURITY_SERVICES,3682597,1
2024-02,ARMEDCONFLICT,2773821,2
2024-02,KILL,2317786,3
2024-02,ELECTION,2143389,4
2024-02,AGRICULTURE,1468721,5
2024-02,ARREST,1283955,6
2024-02,MILITARY,1124410,7
2024-02,MARITIME,885446,8
2024-02,BORDER,790150,9
2024-02,WOUND,709062,10
2024-02,PROTEST,664409,11
2024-02,TERROR,646634,12
2024-02,TOURISM,579938,13
2024-02,PUBLIC_TRANSPORT,573105,14
2024-02,TAX_POLITICAL_PARTY_HAMAS,494205,15
2024-02,TAX_TERROR_GROUP_HAMAS,492782,16
2024-02,CORRUPTION,438329,17
2024-02,TRAFFIC,416590,18
2024-02,TAX_MILITARY_TITLE_OFFICER,395025,19
2024-02,TAX_POLITICAL_PARTY_REPUBLICAN,380325,20
2024-03,SECURITY_SERVICES,3796762,1
2024-03,ARMEDCONFLICT,2893280,2
2024-03,ELECTION,2526924,3
2024-03,KILL,2367641,4
2024-03,ARREST,1333509,5
2024-03,MARITIME,1235699,6
2024-03,AGRICULTURE,1193035,7
2024-03,MILITARY,1071911,8
2024-03,PUBLIC_TRANSPORT,755810,9
2024-03,TERROR,732215,10
2024-03,WOUND,616341,11
2024-03,BORDER,589594,12
2024-03,CORRUPTION,547105,13
2024-03,MARITIME_INCIDENT,542618,14
2024-03,PROTEST,541551,15
2024-03,TOURISM,535642,16
2024-03,TRAFFIC,416913,17
2024-03,ENV_OIL,413253,18
2024-03,TAX_TERROR_GROUP_HAMAS,397774,19
2024-03,TAX_POLITICAL_PARTY_HAMAS,397484,20
2024-04,SECURITY_SERVICES,3899344,1
2024-04,ARMEDCONFLICT,2864940,2
2024-04,KILL,2374130,3
2024-04,ELECTION,2173695,4
2024-04,ARREST,1323655,5
2024-04,MILITARY,1105742,6
2024-04,MARITIME,1046593,7
2024-04,AGRICULTURE,1019435,8
2024-04,TOURISM,641060,9
2024-04,WOUND,614647,10
2024-04,CORRUPTION,597737,11
2024-04,PUBLIC_TRANSPORT,594254,12
2024-04,TERROR,576152,13
2024-04,PROTEST,557961,14
2024-04,ENV_OIL,436160,15
2024-04,BORDER,434986,16
2024-04,TRAFFIC,409353,17
2024-04,TAX_MILITARY_TITLE_OFFICER,396576,18
2024-04,TAX_TERROR_GROUP_HAMAS,391631,19
2024-04,TAX_POLITICAL_PARTY_HAMAS,388085,20
2024-05,SECURITY_SERVICES,3968588,1
2024-05,ARMEDCONFLICT,2847227,2
2024-05,KILL,2406777,3
2024-05,ELECTION,2328904,4
2024-05,ARREST,1421045,5
2024-05,MILITARY,1098714,6
2024-05,AGRICULTURE,1092852,7
2024-05,MARITIME,971605,8
2024-05,WOUND,848024,9
2024-05,PROTEST,816369,10
2024-05,TOURISM,694488,11
2024-05,TERROR,675339,12
2024-05,TAX_TERROR_GROUP_HAMAS,622820,13
2024-05,TAX_POLITICAL_PARTY_HAMAS,622636,14
2024-05,BORDER,576638,15
2024-05,PUBLIC_TRANSPORT,569438,16
2024-05,CORRUPTION,538765,17
2024-05,TAX_MILITARY_TITLE_OFFICER,401697,18
2024-05,ENV_OIL,339573,19
2024-05,TRAFFIC,336688,20
2024-06,SECURITY_SERVICES,3488844,1
2024-06,ELECTION,2704307,2
2024-06,ARMEDCONFLICT,2623247,3
2024-06,KILL,2114136,4
2024-06,ARREST,1182757,5
2024-06,MILITARY,1042004,6
2024-06,AGRICULTURE,1030431,7
2024-06,MARITIME,949409,8
2024-06,WOUND,694533,9
2024-06,TOURISM,616234,10
2024-06,PUBLIC_TRANSPORT,561475,11
2024-06,ALLIANCE,523218,12
2024-06,CORRUPTION,506165,13
2024-06,BORDER,500569,14
2024-06,PROTEST,479449,15
2024-06,ENV_OIL,371284,16
2024-06,TAX_MILITARY_TITLE_OFFICER,364163,17
2024-06,TERROR,344278,18
2024-06,TAX_TERROR_GROUP_HAMAS,338658,19
2024-06,TAX_POLITICAL_PARTY_HAMAS,337863,20
2024-07,SECURITY_SERVICES,3752646,1
2024-07,ARMEDCONFLICT,2367643,2
2024-07,ELECTION,2355137,3
2024-07,KILL,2341429,4
2024-07,ARREST,1186484,5
2024-07,MARITIME,1027918,6
2024-07,AGRICULTURE,1013669,7
2024-07,MILITARY,939797,8
2024-07,WOUND,899294,9
2024-07,TOURISM,714059,10
2024-07,TAX_POLITICAL_PARTY_REPUBLICAN,581149,11
2024-07,PUBLIC_TRANSPORT,542811,12
2024-07,CORRUPTION,530287,13
2024-07,TERROR,510719,14
2024-07,PROTEST,482466,15
2024-07,TAX_POLITICAL_PARTY_DEMOCRATS,469225,16
2024-07,BORDER,431513,17
2024-07,DEMOCRACY,418722,18
2024-07,TRAFFIC,361513,19
2024-07,ENV_OIL,354237,20
2024-08,SECURITY_SERVICES,3887928,1
2024-08,ARMEDCONFLICT,2365580,2
2024-08,KILL,2325062,3
2024-08,ELECTION,1742273,4
2024-08,ARREST,1408451,5
2024-08,MILITARY,1102030,6
2024-08,MARITIME,1076193,7
2024-08,AGRICULTURE,928678,8
2024-08,WOUND,783137,9
2024-08,PROTEST,620712,10
2024-08,TOURISM,609043,11
2024-08,TERROR,590087,12
2024-08,BORDER,567902,13
2024-08,PUBLIC_TRANSPORT,524365,14
2024-08,TAX_TERROR_GROUP_HAMAS,468173,15
2024-08,TAX_POLITICAL_PARTY_HAMAS,455453,16
2024-08,CORRUPTION,455120,17
2024-08,DEMOCRACY,377673,18
2024-08,TRAFFIC,367727,19
2024-08,ENV_OIL,337688,20
2024-09,SECURITY_SERVICES,3426090,1
2024-09,ARMEDCONFLICT,2443586,2
2024-09,KILL,2402154,3
2024-09,ELECTION,2053969,4
2024-09,ARREST,1225867,5
2024-09,MILITARY,1030588,6
2024-09,AGRICULTURE,1026202,7
2024-09,MARITIME,981744,8
2024-09,WOUND,854929,9
2024-09,TAX_POLITICAL_PARTY_HEZBOLLAH,809756,10
2024-09,TAX_TERROR_GROUP_HEZBOLLAH,804578,11
2024-09,TOURISM,580273,12
2024-09,BORDER,547190,13
2024-09,PUBLIC_TRANSPORT,544111,14
2024-09,TERROR,526198,15
2024-09,PROTEST,413709,16
2024-09,TRAFFIC,355674,17
2024-09,CORRUPTION,345796,18
2024-09,ENV_OIL,337457,19
2024-09,TAX_MILITARY_TITLE_OFFICER,307240,20
2024-10,SECURITY_SERVICES,3549554,1
2024-10,ELECTION,2732724,2
2024-10,ARMEDCONFLICT,2714595,3
2024-10,KILL,2639527,4
2024-10,MILITARY,1365141,5
2024-10,ARREST,1200432,6
2024-10,AGRICULTURE,972704,7
2024-10,MARITIME,924750,8
2024-10,TAX_POLITICAL_PARTY_HEZBOLLAH,704988,9
2024-10,TAX_TERROR_GROUP_HEZBOLLAH,703281,10
2024-10,WOUND,661533,11
2024-10,NATURAL_DISASTER_HURRICANE,593253,12
2024-10,TERROR,569848,13
2024-10,TOURISM,563669,14
2024-10,PUBLIC_TRANSPORT,553232,15
2024-10,BORDER,495447,16
2024-10,ENV_OIL,456220,17
2024-10,PROTEST,448322,18
2024-10,TAX_POLITICAL_PARTY_HAMAS,410171,19
2024-10,TAX_TERROR_GROUP_HAMAS,408258,20
2024-11,SECURITY_SERVICES,3355847,1
2024-11,ELECTION,3177206,2
2024-11,ARMEDCONFLICT,2557552,3
2024-11,KILL,2123922,4
2024-11,ARREST,1184859,5
2024-11,MILITARY,1097967,6
2024-11,AGRICULTURE,1027348,7
2024-11,MARITIME,823481,8
2024-11,TAX_POLITICAL_PARTY_REPUBLICAN,584131,9
2024-11,PUBLIC_TRANSPORT,548395,10
2024-11,WOUND,536194,11
2024-11,TOURISM,535632,12
2024-11,PROTEST,529043,13
2024-11,CORRUPTION,498471,14
2024-11,GEN_HOLIDAY,486015,15
2024-11,BORDER,472272,16
2024-11,ENV_OIL,469214,17
2024-11,DEMOCRACY,401027,18
2024-11,TRAFFIC,391185,19
2024-11,TAX_MILITARY_TITLE_OFFICER,346696,20
2024-12,SECURITY_SERVICES,3642925,1
2024-12,ARMEDCONFLICT,2355753,2
2024-12,KILL,2152393,3
2024-12,ELECTION,1325479,4
2024-12,ARREST,1278497,5
2024-12,MILITARY,1103782,6
2024-12,GEN_HOLIDAY,961127,7
2024-12,AGRICULTURE,901768,8
2024-12,MARITIME,864526,9
2024-12,TERROR,848125,10
2024-12,WOUND,717879,11
2024-12,PUBLIC_TRANSPORT,715116,12
2024-12,TOURISM,687861,13
2024-12,PROTEST,461178,14
2024-12,BORDER,442636,15
2024-12,TRAFFIC,395620,16
2024-12,CONSTITUTIONAL,384869,17
2024-12,CORRUPTION,359042,18
2024-12,ENV_OIL,317864,19
2024-12,TAX_MILITARY_TITLE_OFFICER,314721,20
2025-01,SECURITY_SERVICES,3723511,1
2025-01,ARMEDCONFLICT,2348298,2
2025-01,KILL,2192400,3
2025-01,ARREST,1501104,4
2025-01,ELECTION,1406263,5
2025-01,MILITARY,1100609,6
2025-01,AGRICULTURE,837180,7
2025-01,MARITIME,832870,8
2025-01,WOUND,632591,9
2025-01,ENV_OIL,629823,10
2025-01,BORDER,622987,11
2025-01,PUBLIC_TRANSPORT,593159,12
2025-01,TOURISM,573595,13
2025-01,TRAFFIC,452007,14
2025-01,PROTEST,424842,15
2025-01,TERROR,410746,16
2025-01,TAX_TERROR_GROUP_HAMAS,408264,17
2025-01,TAX_POLITICAL_PARTY_HAMAS,405426,18
2025-01,CORRUPTION,367819,19
2025-01,NATURAL_DISASTER_ICE,322608,20
2025-02,SECURITY_SERVICES,3163289,1
2025-02,ARMEDCONFLICT,2376144,2
2025-02,KILL,1834528,3
2025-02,ELECTION,1267525,4
2025-02,ARREST,1211162,5
2025-02,MILITARY,867620,6
2025-02,AGRICULTURE,841101,7
2025-02,MARITIME,696952,8
2025-02,PUBLIC_TRANSPORT,521337,9
2025-02,WOUND,491243,10
2025-02,CORRUPTION,490778,11
2025-02,TOURISM,480168,12
2025-02,BORDER,448170,13
2025-02,PROTEST,414011,14
2025-02,NEGOTIATIONS,394231,15
2025-02,TRAFFIC,382021,16
2025-02,TAX_POLITICAL_PARTY_HAMAS,348829,17
2025-02,TAX_TERROR_GROUP_HAMAS,345531,18
2025-02,KIDNAP,341629,19
2025-02,TERROR,339247,20
2025-03,SECURITY_SERVICES,3443309,1
2025-03,ARMEDCONFLICT,2664586,2
2025-03,KILL,2031872,3
2025-03,ARREST,1334618,4
2025-03,ELECTION,1104179,5
2025-03,MILITARY,990929,6
2025-03,AGRICULTURE,939058,7
2025-03,MARITIME,866103,8
2025-03,WOUND,572388,9
2025-03,PROTEST,565376,10
2025-03,PUBLIC_TRANSPORT,531497,11
2025-03,CORRUPTION,523193,12
2025-03,TOURISM,509118,13
2025-03,ENV_OIL,501435,14
2025-03,CEASEFIRE,484706,15
2025-03,BORDER,406014,16
2025-03,NEGOTIATIONS,378593,17
2025-03,TRAFFIC,364150,18
2025-03,TERROR,333129,19
2025-03,TAX_MILITARY_TITLE_OFFICER,324051,20
2025-04,SECURITY_SERVICES,3294342,1
2025-04,ARMEDCONFLICT,2687558,2
2025-04,KILL,2099704,3
2025-04,ELECTION,1286320,4
2025-04,ARREST,1238126,5
2025-04,MILITARY,929828,6
2025-04,AGRICULTURE,910452,7
2025-04,MARITIME,842467,8
2025-04,WOUND,713084,9
2025-04,TOURISM,685553,10
2025-04,PUBLIC_TRANSPORT,534661,11
2025-04,NEGOTIATIONS,490659,12
2025-04,ENV_OIL,479417,13
2025-04,CORRUPTION,467059,14
2025-04,PROTEST,444884,15
2025-04,GEN_HOLIDAY,409022,16
2025-04,TRAFFIC,393946,17
2025-04,TERROR,384355,18
2025-04,ALLIANCE,336032,19
2025-04,BORDER,316842,20
2025-05,SECURITY_SERVICES,3339444,1
2025-05,ARMEDCONFLICT,2734222,2
2025-05,KILL,2077893,3
2025-05,ELECTION,1390240,4
2025-05,ARREST,1299884,5
2025-05,MILITARY,1098260,6
2025-05,AGRICULTURE,970041,7
2025-05,MARITIME,932434,8
2025-05,NEGOTIATIONS,698769,9
2025-05,WOUND,690258,10
2025-05,TERROR,665690,11
2025-05,TOURISM,644024,12
2025-05,PUBLIC_TRANSPORT,544413,13
2025-05,TRAFFIC,511215,14
2025-05,PROTEST,378457,15
2025-05,TAX_MILITARY_TITLE_OFFICER,339432,16
2025-05,ENV_OIL,309922,17
2025-05,TAX_MILITARY_TITLE_OFFICERS,304638,18
2025-05,CEASEFIRE,294684,19
2025-05,URBAN,293956,20
2025-06,SECURITY_SERVICES,1763907,1
2025-06,ARMEDCONFLICT,1069268,2
2025-06,KILL,987187,3
2025-06,ARREST,630924,4
2025-06,MILITARY,575217,5
2025-06,ELECTION,524563,6
2025-06,MARITIME,485479,7
2025-06,AGRICULTURE,382090,8
2025-06,PROTEST,380098,9
2025-06,WOUND,376665,10
2025-06,TOURISM,256430,11
2025-06,PUBLIC_TRANSPORT,252010,12
2025-06,IMMIGRATION,239155,13
2025-06,TERROR,229800,14
2025-06,URBAN,218537,15
2025-06,TAX_MILITARY_TITLE_OFFICERS,166497,16
2025-06,TRAFFIC,161800,17
2025-06,ENV_OIL,156733,18
2025-06,DRONES,150836,19
2025-06,GEN_HOLIDAY,146741,20
2025-07,SECURITY_SERVICES,3432960,1
2025-07,ARMEDCONFLICT,2319179,2
2025-07,KILL,2206123,3
2025-07,ARREST,1268567,4
2025-07,MARITIME,957224,5
2025-07,AGRICULTURE,955525,6
2025-07,MILITARY,906049,7
2025-07,ELECTION,795756,8
2025-07,WOUND,785352,9
2025-07,TOURISM,611933,10
2025-07,PUBLIC_TRANSPORT,507162,11
2025-07,CORRUPTION,436887,12
2025-07,PROTEST,398414,13
2025-07,TERROR,388352,14
2025-07,TRAFFIC,382626,15
2025-07,ENV_OIL,347163,16
2025-07,BORDER,343222,17
2025-07,TAX_MILITARY_TITLE_OFFICERS,329428,18
2025-07,TAX_MILITARY_TITLE_OFFICER,321850,19
2025-07,URBAN,320816,20
2025-08,SECURITY_SERVICES,3591850,1
2025-08,ARMEDCONFLICT,2595854,2
2025-08,KILL,2044977,3
2025-08,ARREST,1259916,4
2025-08,MILITARY,1031672,5
2025-08,MARITIME,952797,6
2025-08,AGRICULTURE,845711,7
2025-08,ELECTION,830093,8
2025-08,WOUND,676125,9
2025-08,PUBLIC_TRANSPORT,607337,10
2025-08,TOURISM,560078,11
2025-08,PROTEST,481227,12
2025-08,CORRUPTION,462508,13
2025-08,ENV_OIL,453834,14
2025-08,TRAFFIC,361624,15
2025-08,TAX_MILITARY_TITLE_OFFICER,355133,16
2025-08,TERROR,344898,17
2025-08,TAX_MILITARY_TITLE_OFFICERS,333827,18
2025-08,URBAN,269381,19
2025-08,NEGOTIATIONS,243751,20
2025-09,SECURITY_SERVICES,3393350,1
2025-09,ARMEDCONFLICT,2603579,2
2025-09,KILL,2029691,3
2025-09,ARREST,1203000,4
2025-09,ELECTION,1033292,5
2025-09,MILITARY,973931,6
2025-09,MARITIME,951279,7
2025-09,AGRICULTURE,847701,8
2025-09,PROTEST,718490,9
2025-09,PUBLIC_TRANSPORT,661960,10
2025-09,TERROR,635633,11
2025-09,WOUND,624915,12
2025-09,TOURISM,522170,13
2025-09,URBAN,419021,14
2025-09,ENV_OIL,411789,15
2025-09,DRONES,405463,16
2025-09,CORRUPTION,386900,17
2025-09,TRAFFIC,375618,18
2025-09,TAX_MILITARY_TITLE_OFFICER,308683,19
2025-09,TAX_MILITARY_TITLE_OFFICERS,294081,20
2025-10,SECURITY_SERVICES,3585834,1
2025-10,ARMEDCONFLICT,2463658,2
2025-10,KILL,2146643,3
2025-10,ARREST,1369521,4
2025-10,ELECTION,1246476,5
2025-10,MARITIME,993284,6
2025-10,MILITARY,990135,7
2025-10,AGRICULTURE,892932,8
2025-10,TAX_POLITICAL_PARTY_HAMAS,783969,9
2025-10,TAX_TERROR_GROUP_HAMAS,778363,10
2025-10,PROTEST,630206,11
2025-10,KIDNAP,554552,12
2025-10,TOURISM,516130,13
2025-10,TRAFFIC,512057,14
2025-10,PUBLIC_TRANSPORT,485602,15
2025-10,ENV_OIL,471447,16
2025-10,WOUND,466738,17
2025-10,URBAN,444767,18
2025-10,TERROR,378720,19
2025-10,CORRUPTION,355230,20
2025-11,SECURITY_SERVICES,3211469,1
2025-11,ARMEDCONFLICT,2075726,2
2025-11,KILL,1867344,3
2025-11,ELECTION,1223036,4
2025-11,ARREST,1139567,5
2025-11,MILITARY,892110,6
2025-11,AGRICULTURE,891244,7
2025-11,MARITIME,852387,8
2025-11,PUBLIC_TRANSPORT,677662,9
2025-11,CORRUPTION,599529,10
2025-11,TRAFFIC,544283,11
2025-11,WOUND,525305,12
2025-11,TOURISM,459877,13
2025-11,ENV_OIL,421830,14
2025-11,GEN_HOLIDAY,416927,15
2025-11,PROTEST,393061,16
2025-11,TAX_MILITARY_TITLE_OFFICER,331380,17
2025-11,URBAN,328851,18
2025-11,TERROR,296514,19
2025-11,TAX_MILITARY_TITLE_OFFICERS,294562,20
2025-12,SECURITY_SERVICES,3311358,1
2025-12,ARMEDCONFLICT,2124599,2
2025-12,KILL,1904484,3
2025-12,ARREST,1159579,4
2025-12,ELECTION,1016516,5
2025-12,MARITIME,969835,6
2025-12,AGRICULTURE,963145,7
2025-12,GEN_HOLIDAY,894337,8
2025-12,MILITARY,826850,9
2025-12,ENV_OIL,687135,10
2025-12,WOUND,629339,11
2025-12,CORRUPTION,577468,12
2025-12,PUBLIC_TRANSPORT,525134,13
2025-12,TOURISM,506885,14
2025-12,TRAFFIC,432450,15
2025-12,PROTEST,389702,16
2025-12,TERROR,351756,17
2025-12,MARITIME_INCIDENT,332347,18
2025-12,URBAN,323859,19
2025-12,DRUG_TRADE,301665,20
2026-01,SECURITY_SERVICES,3327285,1
2026-01,KILL,2055836,2
2026-01,ARMEDCONFLICT,1950833,3
2026-01,ARREST,1279673,4
2026-01,ENV_OIL,1202691,5
2026-01,ELECTION,1046799,6
2026-01,NATURAL_DISASTER_ICE,889574,7
2026-01,MARITIME,876047,8
2026-01,MILITARY,835251,9
2026-01,AGRICULTURE,825591,10
2026-01,PROTEST,768951,11
2026-01,PUBLIC_TRANSPORT,638552,12
2026-01,WOUND,517775,13
2026-01,CORRUPTION,507542,14
2026-01,TAX_MILITARY_TITLE_OFFICERS,472265,15
2026-01,TOURISM,467032,16
2026-01,TRAFFIC,451404,17
2026-01,TAX_MILITARY_TITLE_OFFICER,445408,18
2026-01,IMMIGRATION,422429,19
2026-01,URBAN,315608,20
2026-02,SECURITY_SERVICES,3148607,1
2026-02,ARMEDCONFLICT,1850375,2
2026-02,KILL,1707164,3
2026-02,ARREST,1194164,4
2026-02,ELECTION,1165435,5
2026-02,MARITIME,779618,6
2026-02,AGRICULTURE,717472,7
2026-02,MILITARY,701015,8
2026-02,ENV_OIL,673242,9
2026-02,TOURISM,488768,10
2026-02,PUBLIC_TRANSPORT,487188,11
2026-02,NATURAL_DISASTER_ICE,469078,12
2026-02,PROTEST,467253,13
2026-02,CORRUPTION,441613,14
2026-02,WOUND,435437,15
2026-02,TRAFFIC,401614,16
2026-02,NEGOTIATIONS,384912,17
2026-02,TAX_MILITARY_TITLE_OFFICERS,358410,18
2026-02,URBAN,320096,19
2026-02,IMMIGRATION,299277,20
2026-03,ARMEDCONFLICT,4138723,1
2026-03,ENV_OIL,3068438,2
2026-03,SECURITY_SERVICES,2966879,3
2026-03,KILL,2120188,4
2026-03,ELECTION,1250605,5
2026-03,MARITIME,1169194,6
2026-03,MILITARY,1159341,7
2026-03,ARREST,1041721,8
2026-03,AGRICULTURE,820755,9
2026-03,WOUND,699574,10
2026-03,DRONES,653154,11
2026-03,MARITIME_INCIDENT,458804,12
2026-03,TOURISM,443490,13
2026-03,PUBLIC_TRANSPORT,433899,14
2026-03,TRAFFIC,422748,15
2026-03,PROTEST,415484,16
2026-03,UNREST_BELLIGERENT,374637,17
2026-03,URBAN,340530,18
2026-03,TAX_MILITARY_TITLE_OFFICERS,337522,19
2026-03,TERROR,252433,20
2026-04,ARMEDCONFLICT,3164975,1
2026-04,SECURITY_SERVICES,2951144,2
2026-04,ENV_OIL,1878627,3
2026-04,KILL,1793450,4
2026-04,MARITIME,1200455,5
2026-04,ELECTION,1087011,6
2026-04,ARREST,1066223,7
2026-04,MILITARY,945462,8
2026-04,CEASEFIRE,837757,9
2026-04,AGRICULTURE,774732,10
2026-04,NEGOTIATIONS,685718,11
2026-04,MARITIME_INCIDENT,522596,12
2026-04,TOURISM,484448,13
2026-04,WOUND,473308,14
2026-04,PUBLIC_TRANSPORT,459015,15
2026-04,TRAFFIC,446595,16
2026-04,PROTEST,334756,17
2026-04,CORRUPTION,320079,18
2026-04,TAX_MILITARY_TITLE_OFFICERS,302287,19
2026-04,TAX_MILITARY_TITLE_OFFICER,285303,20
2026-05,SECURITY_SERVICES,1127046,1
2026-05,ARMEDCONFLICT,1065845,2
2026-05,KILL,667574,3
2026-05,MARITIME,565875,4
2026-05,ENV_OIL,540943,5
2026-05,ELECTION,475813,6
2026-05,ARREST,388318,7
2026-05,MILITARY,325087,8
2026-05,MARITIME_INCIDENT,322147,9
2026-05,AGRICULTURE,284206,10
2026-05,WOUND,225341,11
2026-05,TOURISM,217491,12
2026-05,CORRUPTION,165693,13
2026-05,TRAFFIC,161439,14
2026-05,PROTEST,160553,15
2026-05,PUBLIC_TRANSPORT,157975,16
2026-05,URBAN,153086,17
2026-05,CEASEFIRE,139303,18
2026-05,TAX_MILITARY_TITLE_OFFICER,135475,19
2026-05,GEN_HOLIDAY,122404,20
